sample_id,status,converged,transfer_ready,output_ready,note
000000,valid,1,1,1,baseline
000001,valid,1,1,1,
000002,valid,1,1,1,
000003,valid,1,1,1,
000004,valid,1,1,1,
000005,valid,1,1,1,
000006,valid,1,1,1,
000007,fail,0,0,0,stable fail
000008,valid,1,1,1,
000009,valid,1,1,1,
000010,valid,1,1,1,
000011,valid,1,1,1,
000012,valid,1,1,1,
000013,valid,1,1,1,
000014,valid,1,1,1,
000015,fail,0,0,0,stable fail
000016,valid,1,1,1,
000017,valid,1,1,1,
000018,valid,1,1,1,
000019,valid,1,1,1,
000020,valid,1,1,1,
000021,valid,1,1,1,
000022,valid,1,1,1,
000023,fail,0,0,0,stable fail
000024,valid,1,1,1,
000025,valid,1,1,1,
000026,fail,0,0,0,stable fail
000027,valid,1,1,1,
000028,fail,0,0,0,stable fail
000029,valid,1,1,1,
000030,fail,0,0,0,stable fail
000031,valid,1,1,1,
000032,valid,1,1,1,
000033,valid,1,1,1,
000034,valid,1,1,1,
000035,valid,1,1,1,
000036,valid,1,1,1,
000037,valid,1,1,1,
000038,valid,1,1,1,
000039,valid,1,1,1,
000040,valid,1,1,1,
000041,valid,1,1,1,
000042,valid,1,1,1,
000043,valid,1,1,1,
000044,valid,1,1,1,
000045,valid,1,1,1,
000046,valid,1,1,1,
000047,valid,1,1,1,
000048,valid,1,1,1,
000049,fail,0,0,0,stable fail
000050,valid,1,1,1,
000051,valid,1,1,1,
000052,valid,1,1,1,
000053,valid,1,1,1,
000054,valid,1,1,1,
000055,valid,1,1,1,
000056,valid,1,1,1,
000057,fail,0,0,0,stable fail
000058,valid,1,1,1,
000059,valid,1,1,1,
000060,valid,1,1,1,
000061,fail,0,0,0,stable fail
000062,valid,1,1,1,
000063,valid,1,1,1,
000064,valid,1,1,1,
000065,fail,0,0,0,stable fail
000066,valid,1,1,1,
000067,valid,1,1,1,
000068,fail,0,0,0,stable fail
000069,valid,1,1,1,
000070,fail,0,0,0,stable fail
000071,valid,1,1,1,
000072,valid,1,1,1,
000073,valid,1,1,1,
000074,valid,1,1,1,
000075,valid,1,1,1,
000076,valid,1,1,1,
000077,valid,1,1,1,
000078,fail,0,0,0,stable fail
000079,valid,1,1,1,
000080,valid,1,1,1,
000081,valid,1,1,1,
000082,valid,1,1,1,
000083,valid,1,1,1,
000084,valid,1,1,1,
000085,valid,1,1,1,
000086,valid,1,1,1,
000087,valid,1,1,1,
000088,valid,1,1,1,
000089,valid,1,1,1,
000090,valid,1,1,1,
000091,valid,1,1,1,
000092,valid,1,1,1,
000093,valid,1,1,1,
000094,valid,1,1,1,
000095,valid,1,1,1,
000096,valid,1,1,1,
000097,valid,1,1,1,
000098,valid,1,1,1,
000099,valid,1,1,1,
000100,valid,1,1,1,
000101,valid,1,1,1,
000102,valid,1,1,1,
000103,valid,1,1,1,
000104,valid,1,1,1,
000105,valid,1,1,1,
000106,valid,1,1,1,
000107,valid,1,1,1,
000108,valid,1,1,1,
000109,valid,1,1,1,
000110,valid,1,1,1,
000111,valid,1,1,1,
000112,valid,1,1,1,
000113,valid,1,1,1,
000114,fail,0,0,0,stable fail
000115,valid,1,1,1,
000116,valid,1,1,1,
000117,valid,1,1,1,
000118,valid,1,1,1,
000119,valid,1,1,1,
000120,fail,0,0,0,stable fail
000121,fail,0,0,0,stable fail
000122,valid,1,1,1,
000123,valid,1,1,1,
000124,valid,1,1,1,
000125,valid,1,1,1,
000126,valid,1,1,1,
000127,valid,1,1,1,
000128,valid,1,1,1,
000129,valid,1,1,1,
000130,valid,1,1,1,
000131,fail,0,0,0,stable fail
000132,valid,1,1,1,
000133,valid,1,1,1,
000134,valid,1,1,1,
000135,valid,1,1,1,
000136,valid,1,1,1,
000137,valid,1,1,1,
000138,valid,1,1,1,
000139,valid,1,1,1,
000140,valid,1,1,1,
000141,valid,1,1,1,
000142,valid,1,1,1,
000143,valid,1,1,1,
000144,valid,1,1,1,
000145,valid,1,1,1,
000146,valid,1,1,1,
000147,valid,1,1,1,
000148,valid,1,1,1,
000149,valid,1,1,1,
000150,valid,1,1,1,
000151,valid,1,1,1,
000152,valid,1,1,1,
000153,valid,1,1,1,
000154,valid,1,1,1,
000155,valid,1,1,1,
000156,fail,0,0,0,stable fail
000157,valid,1,1,1,
000158,valid,1,1,1,
000159,valid,1,1,1,
000160,valid,1,1,1,
000161,valid,1,1,1,
000162,valid,1,1,1,
000163,valid,1,1,1,
000164,valid,1,1,1,
000165,valid,1,1,1,
000166,valid,1,1,1,
000167,valid,1,1,1,
000168,valid,1,1,1,
000169,valid,1,1,1,
000170,valid,1,1,1,
000171,valid,1,1,1,
000172,valid,1,1,1,
000173,valid,1,1,1,
000174,valid,1,1,1,
000175,valid,1,1,1,
000176,valid,1,1,1,
000177,valid,1,1,1,
000178,valid,1,1,1,
000179,valid,1,1,1,
000180,valid,1,1,1,
000181,valid,1,1,1,
000182,valid,1,1,1,
000183,valid,1,1,1,
000184,valid,1,1,1,
000185,valid,1,1,1,
000186,valid,1,1,1,
000187,valid,1,1,1,
000188,valid,1,1,1,
000189,valid,1,1,1,
000190,valid,1,1,1,
000191,valid,1,1,1,
000192,valid,1,1,1,
000193,valid,1,1,1,
000194,valid,1,1,1,
000195,valid,1,1,1,
000196,valid,1,1,1,
000197,valid,1,1,1,
000198,valid,1,1,1,
000199,valid,1,1,1,
000200,valid,1,1,1,
000201,valid,1,1,1,
000202,valid,1,1,1,
000203,valid,1,1,1,
000204,valid,1,1,1,
000205,valid,1,1,1,
000206,valid,1,1,1,
000207,valid,1,1,1,
000208,valid,1,1,1,
000209,valid,1,1,1,
000210,valid,1,1,1,
000211,valid,1,1,1,
000212,valid,1,1,1,
000213,valid,1,1,1,
000214,valid,1,1,1,
000215,valid,1,1,1,
000216,valid,1,1,1,
000217,valid,1,1,1,
000218,valid,1,1,1,
000219,valid,1,1,1,
000220,valid,1,1,1,
000221,valid,1,1,1,
000222,valid,1,1,1,
000223,fail,0,0,0,stable fail
000224,fail,0,0,0,stable fail
000225,valid,1,1,1,
000226,valid,1,1,1,
000227,fail,0,0,0,stable fail
000228,valid,1,1,1,
000229,valid,1,1,1,
000230,valid,1,1,1,
000231,valid,1,1,1,
000232,valid,1,1,1,
000233,valid,1,1,1,
000234,valid,1,1,1,
000235,valid,1,1,1,
000236,valid,1,1,1,
000237,valid,1,1,1,
000238,valid,1,1,1,
000239,valid,1,1,1,
000240,valid,1,1,1,
000241,valid,1,1,1,
000242,valid,1,1,1,
000243,valid,1,1,1,
000244,valid,1,1,1,
000245,valid,1,1,1,
000246,valid,1,1,1,
000247,valid,1,1,1,
000248,valid,1,1,1,
000249,valid,1,1,1,
000250,valid,1,1,1,
000251,valid,1,1,1,
000252,valid,1,1,1,
000253,valid,1,1,1,
000254,valid,1,1,1,
000255,valid,1,1,1,
000256,valid,1,1,1,
000257,valid,1,1,1,
000258,valid,1,1,1,
000259,valid,1,1,1,
000260,valid,1,1,1,
000261,valid,1,1,1,
000262,valid,1,1,1,
000263,valid,1,1,1,
000264,valid,1,1,1,
000265,valid,1,1,1,
000266,valid,1,1,1,
000267,valid,1,1,1,
000268,fail,0,0,0,stable fail
000269,valid,1,1,1,
000270,valid,1,1,1,
000271,valid,1,1,1,
000272,valid,1,1,1,
000273,valid,1,1,1,
000274,valid,1,1,1,
000275,valid,1,1,1,
000276,valid,1,1,1,
000277,valid,1,1,1,
000278,valid,1,1,1,
000279,valid,1,1,1,
000280,valid,1,1,1,
000281,valid,1,1,1,
000282,valid,1,1,1,
000283,valid,1,1,1,
000284,valid,1,1,1,
000285,valid,1,1,1,
000286,valid,1,1,1,
000287,valid,1,1,1,
000288,valid,1,1,1,
000289,valid,1,1,1,
000290,valid,1,1,1,
000291,valid,1,1,1,
000292,valid,1,1,1,
000293,fail,0,0,0,stable fail
000294,valid,1,1,1,
000295,valid,1,1,1,
000296,valid,1,1,1,
000297,fail,0,0,0,stable fail
000298,valid,1,1,1,
000299,valid,1,1,1,
000300,valid,1,1,1,
000301,valid,1,1,1,
000302,valid,1,1,1,
000303,valid,1,1,1,
000304,valid,1,1,1,
000305,valid,1,1,1,
000306,valid,1,1,1,
000307,valid,1,1,1,
000308,valid,1,1,1,
000309,valid,1,1,1,
000310,valid,1,1,1,
000311,valid,1,1,1,
000312,valid,1,1,1,
000313,valid,1,1,1,
000314,valid,1,1,1,
000315,valid,1,1,1,
000316,valid,1,1,1,
000317,valid,1,1,1,
000318,valid,1,1,1,
000319,valid,1,1,1,
000320,valid,1,1,1,
000321,valid,1,1,1,
000322,valid,1,1,1,
000323,valid,1,1,1,
000324,valid,1,1,1,
000325,valid,1,1,1,
000326,valid,1,1,1,
000327,valid,1,1,1,
000328,valid,1,1,1,
000329,valid,1,1,1,
000330,valid,1,1,1,
000331,valid,1,1,1,
000332,valid,1,1,1,
000333,valid,1,1,1,
000334,valid,1,1,1,
000335,valid,1,1,1,
000336,valid,1,1,1,
000337,valid,1,1,1,
000338,valid,1,1,1,
000339,valid,1,1,1,
000340,valid,1,1,1,
000341,valid,1,1,1,
000342,valid,1,1,1,
000343,valid,1,1,1,
000344,valid,1,1,1,
000345,valid,1,1,1,
000346,valid,1,1,1,
000347,valid,1,1,1,
000348,valid,1,1,1,
000349,valid,1,1,1,
000350,valid,1,1,1,
000351,valid,1,1,1,
000352,valid,1,1,1,
000353,valid,1,1,1,
000354,valid,1,1,1,
000355,valid,1,1,1,
000356,valid,1,1,1,
000357,fail,0,0,0,stable fail
000358,valid,1,1,1,
000359,valid,1,1,1,
000360,valid,1,1,1,
000361,valid,1,1,1,
000362,valid,1,1,1,
000363,valid,1,1,1,
000364,valid,1,1,1,
000365,valid,1,1,1,
000366,valid,1,1,1,
000367,valid,1,1,1,
000368,valid,1,1,1,
000369,valid,1,1,1,
000370,valid,1,1,1,
000371,valid,1,1,1,
000372,valid,1,1,1,
000373,valid,1,1,1,
000374,valid,1,1,1,
000375,valid,1,1,1,
000376,valid,1,1,1,
000377,fail,0,0,0,stable fail
000378,valid,1,1,1,
000379,fail,0,0,0,stable fail
000380,valid,1,1,1,
000381,valid,1,1,1,
000382,valid,1,1,1,
000383,valid,1,1,1,
000384,valid,1,1,1,
000385,valid,1,1,1,
000386,valid,1,1,1,
000387,valid,1,1,1,
000388,fail,0,0,0,stable fail
000389,valid,1,1,1,
000390,valid,1,1,1,
000391,valid,1,1,1,
000392,valid,1,1,1,
000393,valid,1,1,1,
000394,valid,1,1,1,
000395,valid,1,1,1,
000396,valid,1,1,1,
000397,valid,1,1,1,
000398,valid,1,1,1,
000399,valid,1,1,1,
000400,valid,1,1,1,
000401,valid,1,1,1,
000402,fail,0,0,0,stable fail
000403,valid,1,1,1,
000404,valid,1,1,1,
000405,valid,1,1,1,
000406,valid,1,1,1,
000407,valid,1,1,1,
000408,valid,1,1,1,
000409,valid,1,1,1,
000410,valid,1,1,1,
000411,valid,1,1,1,
000412,valid,1,1,1,
000413,valid,1,1,1,
000414,valid,1,1,1,
000415,valid,1,1,1,
000416,valid,1,1,1,
000417,valid,1,1,1,
000418,valid,1,1,1,
000419,valid,1,1,1,
000420,fail,0,0,0,stable fail
000421,valid,1,1,1,
000422,fail,0,0,0,stable fail
000423,valid,1,1,1,
000424,valid,1,1,1,
000425,fail,0,0,0,stable fail
000426,valid,1,1,1,
000427,valid,1,1,1,
000428,valid,1,1,1,
000429,valid,1,1,1,
000430,valid,1,1,1,
000431,valid,1,1,1,
000432,valid,1,1,1,
000433,valid,1,1,1,
000434,valid,1,1,1,
000435,valid,1,1,1,
000436,fail,0,0,0,stable fail
000437,valid,1,1,1,
000438,valid,1,1,1,
000439,valid,1,1,1,
000440,valid,1,1,1,
000441,valid,1,1,1,
000442,valid,1,1,1,
000443,valid,1,1,1,
000444,valid,1,1,1,
000445,valid,1,1,1,
000446,valid,1,1,1,
000447,valid,1,1,1,
000448,valid,1,1,1,
000449,valid,1,1,1,
000450,valid,1,1,1,
000451,valid,1,1,1,
000452,valid,1,1,1,
000453,valid,1,1,1,
000454,valid,1,1,1,
000455,valid,1,1,1,
000456,valid,1,1,1,
000457,valid,1,1,1,
000458,valid,1,1,1,
000459,valid,1,1,1,
000460,valid,1,1,1,
000461,valid,1,1,1,
000462,valid,1,1,1,
000463,valid,1,1,1,
000464,valid,1,1,1,
000465,valid,1,1,1,
000466,valid,1,1,1,
000467,valid,1,1,1,
000468,valid,1,1,1,
000469,valid,1,1,1,
000470,valid,1,1,1,
000471,valid,1,1,1,
000472,valid,1,1,1,
000473,valid,1,1,1,
000474,valid,1,1,1,
000475,valid,1,1,1,
000476,valid,1,1,1,
000477,valid,1,1,1,
000478,valid,1,1,1,
000479,valid,1,1,1,
000480,valid,1,1,1,
000481,valid,1,1,1,
000482,fail,0,0,0,stable fail
000483,valid,1,1,1,
000484,valid,1,1,1,
000485,valid,1,1,1,
000486,valid,1,1,1,
000487,valid,1,1,1,
000488,valid,1,1,1,
000489,valid,1,1,1,
000490,valid,1,1,1,
000491,valid,1,1,1,
000492,fail,0,0,0,stable fail
000493,valid,1,1,1,
000494,valid,1,1,1,
000495,valid,1,1,1,
000496,valid,1,1,1,
000497,valid,1,1,1,
000498,valid,1,1,1,
000499,valid,1,1,1,
000500,valid,1,1,1,
000501,valid,1,1,1,
000502,valid,1,1,1,
000503,fail,0,0,0,stable fail
000504,fail,0,0,0,stable fail
000505,valid,1,1,1,
000506,valid,1,1,1,
000507,valid,1,1,1,
000508,valid,1,1,1,
000509,valid,1,1,1,
000510,valid,1,1,1,
000511,valid,1,1,1,
000512,valid,1,1,1,
000513,valid,1,1,1,
000514,valid,1,1,1,
000515,valid,1,1,1,
000516,valid,1,1,1,
000517,valid,1,1,1,
000518,valid,1,1,1,
000519,valid,1,1,1,
000520,valid,1,1,1,
000521,valid,1,1,1,
000522,valid,1,1,1,
000523,valid,1,1,1,
000524,valid,1,1,1,
000525,valid,1,1,1,
000526,valid,1,1,1,
000527,valid,1,1,1,
000528,valid,1,1,1,
000529,fail,0,0,0,stable fail
000530,valid,1,1,1,
000531,valid,1,1,1,
000532,valid,1,1,1,
000533,valid,1,1,1,
000534,valid,1,1,1,
000535,valid,1,1,1,
000536,valid,1,1,1,
000537,valid,1,1,1,
000538,valid,1,1,1,
000539,valid,1,1,1,
000540,valid,1,1,1,
000541,valid,1,1,1,
000542,fail,0,0,0,stable fail
000543,valid,1,1,1,
000544,valid,1,1,1,
000545,valid,1,1,1,
000546,valid,1,1,1,
000547,valid,1,1,1,
000548,valid,1,1,1,
000549,valid,1,1,1,
000550,valid,1,1,1,
000551,valid,1,1,1,
000552,valid,1,1,1,
000553,valid,1,1,1,
000554,valid,1,1,1,
000555,valid,1,1,1,
000556,valid,1,1,1,
000557,valid,1,1,1,
000558,valid,1,1,1,
000559,valid,1,1,1,
000560,valid,1,1,1,
000561,valid,1,1,1,
000562,fail,0,0,0,stable fail
000563,valid,1,1,1,
000564,valid,1,1,1,
000565,valid,1,1,1,
000566,fail,0,0,0,stable fail
000567,valid,1,1,1,
000568,valid,1,1,1,
000569,valid,1,1,1,
000570,valid,1,1,1,
000571,valid,1,1,1,
000572,valid,1,1,1,
000573,valid,1,1,1,
000574,valid,1,1,1,
000575,valid,1,1,1,
000576,valid,1,1,1,
000577,fail,0,0,0,stable fail
000578,valid,1,1,1,
000579,valid,1,1,1,
000580,valid,1,1,1,
000581,valid,1,1,1,
000582,valid,1,1,1,
000583,valid,1,1,1,
000584,fail,0,0,0,stable fail
000585,valid,1,1,1,
000586,valid,1,1,1,
000587,valid,1,1,1,
000588,valid,1,1,1,
000589,valid,1,1,1,
000590,valid,1,1,1,
000591,valid,1,1,1,
000592,valid,1,1,1,
000593,valid,1,1,1,
000594,valid,1,1,1,
000595,valid,1,1,1,
000596,valid,1,1,1,
000597,valid,1,1,1,
000598,valid,1,1,1,
000599,valid,1,1,1,
000600,valid,1,1,1,
000601,valid,1,1,1,
000602,valid,1,1,1,
000603,fail,0,0,0,stable fail
000604,valid,1,1,1,
000605,valid,1,1,1,
000606,valid,1,1,1,
000607,valid,1,1,1,
000608,fail,0,0,0,stable fail
000609,valid,1,1,1,
000610,valid,1,1,1,
000611,fail,0,0,0,stable fail
000612,valid,1,1,1,
000613,valid,1,1,1,
000614,valid,1,1,1,
000615,valid,1,1,1,
000616,valid,1,1,1,
000617,fail,0,0,0,stable fail
000618,valid,1,1,1,
000619,valid,1,1,1,
000620,valid,1,1,1,
000621,valid,1,1,1,
000622,valid,1,1,1,
000623,valid,1,1,1,
000624,valid,1,1,1,
000625,valid,1,1,1,
000626,valid,1,1,1,
000627,valid,1,1,1,
000628,valid,1,1,1,
000629,valid,1,1,1,
000630,valid,1,1,1,
000631,valid,1,1,1,
000632,valid,1,1,1,
000633,valid,1,1,1,
000634,valid,1,1,1,
000635,valid,1,1,1,
000636,valid,1,1,1,
000637,valid,1,1,1,
000638,valid,1,1,1,
000639,valid,1,1,1,
000640,valid,1,1,1,
000641,valid,1,1,1,
000642,valid,1,1,1,
000643,valid,1,1,1,
000644,valid,1,1,1,
000645,valid,1,1,1,
000646,valid,1,1,1,
000647,valid,1,1,1,
000648,valid,1,1,1,
000649,valid,1,1,1,
000650,valid,1,1,1,
000651,valid,1,1,1,
000652,fail,0,0,0,stable fail
000653,valid,1,1,1,
000654,valid,1,1,1,
000655,valid,1,1,1,
000656,valid,1,1,1,
000657,valid,1,1,1,
000658,valid,1,1,1,
000659,valid,1,1,1,
000660,valid,1,1,1,
000661,valid,1,1,1,
000662,valid,1,1,1,
000663,valid,1,1,1,
000664,valid,1,1,1,
000665,valid,1,1,1,
000666,valid,1,1,1,
000667,valid,1,1,1,
000668,valid,1,1,1,
000669,valid,1,1,1,
000670,valid,1,1,1,
000671,valid,1,1,1,
000672,valid,1,1,1,
000673,valid,1,1,1,
000674,valid,1,1,1,
000675,valid,1,1,1,
000676,valid,1,1,1,
000677,valid,1,1,1,
000678,valid,1,1,1,
000679,valid,1,1,1,
000680,valid,1,1,1,
000681,valid,1,1,1,
000682,valid,1,1,1,
000683,valid,1,1,1,
000684,valid,1,1,1,
000685,valid,1,1,1,
000686,valid,1,1,1,
000687,valid,1,1,1,
000688,valid,1,1,1,
000689,valid,1,1,1,
000690,valid,1,1,1,
000691,valid,1,1,1,
000692,valid,1,1,1,
000693,valid,1,1,1,
000694,valid,1,1,1,
000695,valid,1,1,1,
000696,fail,0,0,0,stable fail
000697,valid,1,1,1,
000698,valid,1,1,1,
000699,valid,1,1,1,
000700,valid,1,1,1,
000701,valid,1,1,1,
000702,valid,1,1,1,
000703,valid,1,1,1,
000704,valid,1,1,1,
000705,valid,1,1,1,
000706,valid,1,1,1,
000707,valid,1,1,1,
000708,valid,1,1,1,
000709,valid,1,1,1,
000710,valid,1,1,1,
000711,valid,1,1,1,
000712,fail,0,0,0,stable fail
000713,valid,1,1,1,
000714,valid,1,1,1,
000715,valid,1,1,1,
000716,valid,1,1,1,
000717,valid,1,1,1,
000718,valid,1,1,1,
000719,valid,1,1,1,
000720,fail,0,0,0,stable fail
000721,valid,1,1,1,
000722,valid,1,1,1,
000723,valid,1,1,1,
000724,fail,0,0,0,stable fail
000725,valid,1,1,1,
000726,valid,1,1,1,
000727,valid,1,1,1,
000728,valid,1,1,1,
000729,valid,1,1,1,
000730,valid,1,1,1,
000731,valid,1,1,1,
000732,valid,1,1,1,
000733,fail,0,0,0,stable fail
000734,valid,1,1,1,
000735,valid,1,1,1,
000736,valid,1,1,1,
000737,valid,1,1,1,
000738,fail,0,0,0,stable fail
000739,valid,1,1,1,
000740,valid,1,1,1,
000741,valid,1,1,1,
000742,fail,0,0,0,stable fail
000743,valid,1,1,1,
000744,valid,1,1,1,
000745,valid,1,1,1,
000746,valid,1,1,1,
000747,valid,1,1,1,
000748,valid,1,1,1,
000749,fail,0,0,0,stable fail
000750,valid,1,1,1,
000751,valid,1,1,1,
000752,valid,1,1,1,
000753,valid,1,1,1,
000754,valid,1,1,1,
000755,valid,1,1,1,
000756,valid,1,1,1,
000757,valid,1,1,1,
000758,valid,1,1,1,
000759,valid,1,1,1,
000760,valid,1,1,1,
000761,valid,1,1,1,
000762,valid,1,1,1,
000763,valid,1,1,1,
000764,valid,1,1,1,
000765,fail,0,0,0,stable fail
000766,valid,1,1,1,
000767,valid,1,1,1,
000768,valid,1,1,1,
000769,valid,1,1,1,
000770,valid,1,1,1,
000771,valid,1,1,1,
000772,valid,1,1,1,
000773,valid,1,1,1,
000774,valid,1,1,1,
000775,valid,1,1,1,
000776,valid,1,1,1,
000777,valid,1,1,1,
000778,valid,1,1,1,
000779,valid,1,1,1,
000780,valid,1,1,1,
000781,valid,1,1,1,
000782,valid,1,1,1,
000783,valid,1,1,1,
000784,valid,1,1,1,
000785,valid,1,1,1,
000786,valid,1,1,1,
000787,valid,1,1,1,
000788,valid,1,1,1,
000789,valid,1,1,1,
000790,valid,1,1,1,
000791,valid,1,1,1,
000792,valid,1,1,1,
000793,valid,1,1,1,
000794,valid,1,1,1,
000795,valid,1,1,1,
000796,valid,1,1,1,
000797,valid,1,1,1,
000798,valid,1,1,1,
000799,valid,1,1,1,
000800,valid,1,1,1,
000801,valid,1,1,1,
000802,valid,1,1,1,
000803,valid,1,1,1,
000804,valid,1,1,1,
000805,valid,1,1,1,
000806,valid,1,1,1,
000807,valid,1,1,1,
000808,valid,1,1,1,
000809,valid,1,1,1,
000810,valid,1,1,1,
000811,valid,1,1,1,
000812,valid,1,1,1,
000813,valid,1,1,1,
000814,valid,1,1,1,
000815,valid,1,1,1,
000816,valid,1,1,1,
000817,fail,0,0,0,stable fail
000818,valid,1,1,1,
000819,valid,1,1,1,
000820,valid,1,1,1,
000821,valid,1,1,1,
000822,valid,1,1,1,
000823,valid,1,1,1,
000824,valid,1,1,1,
000825,valid,1,1,1,
000826,valid,1,1,1,
000827,valid,1,1,1,
000828,valid,1,1,1,
000829,valid,1,1,1,
000830,valid,1,1,1,
000831,valid,1,1,1,
000832,valid,1,1,1,
000833,valid,1,1,1,
000834,valid,1,1,1,
000835,valid,1,1,1,
000836,valid,1,1,1,
000837,valid,1,1,1,
000838,valid,1,1,1,
000839,valid,1,1,1,
000840,valid,1,1,1,
000841,valid,1,1,1,
000842,valid,1,1,1,
000843,valid,1,1,1,
000844,valid,1,1,1,
000845,fail,0,0,0,stable fail
000846,valid,1,1,1,
000847,valid,1,1,1,
000848,valid,1,1,1,
000849,valid,1,1,1,
000850,valid,1,1,1,
000851,valid,1,1,1,
000852,valid,1,1,1,
000853,valid,1,1,1,
000854,valid,1,1,1,
000855,valid,1,1,1,
000856,valid,1,1,1,
000857,valid,1,1,1,
000858,valid,1,1,1,
000859,valid,1,1,1,
000860,valid,1,1,1,
000861,valid,1,1,1,
000862,valid,1,1,1,
000863,valid,1,1,1,
000864,valid,1,1,1,
000865,valid,1,1,1,
000866,valid,1,1,1,
000867,valid,1,1,1,
000868,valid,1,1,1,
000869,valid,1,1,1,
000870,valid,1,1,1,
000871,valid,1,1,1,
000872,valid,1,1,1,
000873,valid,1,1,1,
000874,valid,1,1,1,
000875,valid,1,1,1,
000876,valid,1,1,1,
000877,valid,1,1,1,
000878,valid,1,1,1,
000879,valid,1,1,1,
000880,valid,1,1,1,
000881,fail,0,0,0,stable fail
000882,valid,1,1,1,
000883,fail,0,0,0,stable fail
000884,fail,0,0,0,stable fail
000885,valid,1,1,1,
000886,valid,1,1,1,
000887,valid,1,1,1,
000888,valid,1,1,1,
000889,valid,1,1,1,
000890,valid,1,1,1,
000891,valid,1,1,1,
000892,valid,1,1,1,
000893,valid,1,1,1,
000894,valid,1,1,1,
000895,valid,1,1,1,
000896,fail,0,0,0,stable fail
000897,valid,1,1,1,
000898,valid,1,1,1,
000899,valid,1,1,1,
000900,valid,1,1,1,
000901,valid,1,1,1,
000902,valid,1,1,1,
000903,valid,1,1,1,
000904,valid,1,1,1,
000905,fail,0,0,0,stable fail
000906,valid,1,1,1,
000907,valid,1,1,1,
000908,valid,1,1,1,
000909,valid,1,1,1,
000910,valid,1,1,1,
000911,valid,1,1,1,
000912,valid,1,1,1,
000913,valid,1,1,1,
000914,valid,1,1,1,
000915,valid,1,1,1,
000916,valid,1,1,1,
000917,fail,0,0,0,stable fail
000918,valid,1,1,1,
000919,valid,1,1,1,
000920,valid,1,1,1,
000921,valid,1,1,1,
000922,valid,1,1,1,
000923,valid,1,1,1,
000924,valid,1,1,1,
000925,valid,1,1,1,
000926,valid,1,1,1,
000927,valid,1,1,1,
000928,valid,1,1,1,
000929,fail,0,0,0,stable fail
000930,valid,1,1,1,
000931,fail,0,0,0,stable fail
000932,fail,0,0,0,stable fail
000933,valid,1,1,1,
000934,valid,1,1,1,
000935,valid,1,1,1,
000936,valid,1,1,1,
000937,valid,1,1,1,
000938,valid,1,1,1,
000939,valid,1,1,1,
000940,valid,1,1,1,
000941,valid,1,1,1,
000942,valid,1,1,1,
000943,valid,1,1,1,
000944,valid,1,1,1,
000945,valid,1,1,1,
000946,valid,1,1,1,
000947,valid,1,1,1,
000948,valid,1,1,1,
000949,valid,1,1,1,
000950,valid,1,1,1,
000951,valid,1,1,1,
000952,valid,1,1,1,
000953,valid,1,1,1,
000954,valid,1,1,1,
000955,valid,1,1,1,
000956,valid,1,1,1,
000957,valid,1,1,1,
000958,valid,1,1,1,
000959,valid,1,1,1,
000960,valid,1,1,1,
000961,valid,1,1,1,
000962,valid,1,1,1,
000963,valid,1,1,1,
000964,valid,1,1,1,
000965,valid,1,1,1,
000966,valid,1,1,1,
000967,valid,1,1,1,
000968,valid,1,1,1,
000969,valid,1,1,1,
000970,valid,1,1,1,
000971,valid,1,1,1,
000972,valid,1,1,1,
000973,valid,1,1,1,
000974,valid,1,1,1,
000975,valid,1,1,1,
000976,valid,1,1,1,
000977,valid,1,1,1,
000978,valid,1,1,1,
000979,valid,1,1,1,
000980,valid,1,1,1,
000981,valid,1,1,1,
000982,valid,1,1,1,
000983,valid,1,1,1,
000984,valid,1,1,1,
000985,valid,1,1,1,
000986,valid,1,1,1,
000987,valid,1,1,1,
000988,valid,1,1,1,
000989,valid,1,1,1,
000990,valid,1,1,1,
000991,valid,1,1,1,
000992,valid,1,1,1,
000993,valid,1,1,1,
000994,fail,0,0,0,stable fail
000995,valid,1,1,1,
000996,valid,1,1,1,
000997,valid,1,1,1,
000998,fail,0,0,0,stable fail
000999,valid,1,1,1,
001000,valid,1,1,1,
001001,valid,1,1,1,
001002,valid,1,1,1,
001003,valid,1,1,1,
001004,valid,1,1,1,
001005,valid,1,1,1,
001006,valid,1,1,1,
001007,valid,1,1,1,
001008,valid,1,1,1,
001009,valid,1,1,1,
001010,valid,1,1,1,
001011,valid,1,1,1,
001012,valid,1,1,1,
001013,valid,1,1,1,
001014,valid,1,1,1,
001015,fail,0,0,0,stable fail
001016,valid,1,1,1,
001017,valid,1,1,1,
001018,valid,1,1,1,
001019,valid,1,1,1,
001020,valid,1,1,1,
001021,valid,1,1,1,
001022,valid,1,1,1,
001023,valid,1,1,1,
001024,valid,1,1,1,
001025,valid,1,1,1,
001026,valid,1,1,1,
001027,valid,1,1,1,
001028,valid,1,1,1,
001029,valid,1,1,1,
001030,valid,1,1,1,
001031,fail,0,0,0,stable fail
001032,valid,1,1,1,
001033,valid,1,1,1,
001034,valid,1,1,1,
001035,valid,1,1,1,
001036,valid,1,1,1,
001037,valid,1,1,1,
001038,valid,1,1,1,
001039,valid,1,1,1,
001040,valid,1,1,1,
001041,valid,1,1,1,
001042,valid,1,1,1,
001043,valid,1,1,1,
001044,valid,1,1,1,
001045,valid,1,1,1,
001046,valid,1,1,1,
001047,valid,1,1,1,
001048,valid,1,1,1,
001049,valid,1,1,1,
001050,valid,1,1,1,
001051,valid,1,1,1,
001052,valid,1,1,1,
001053,valid,1,1,1,
001054,valid,1,1,1,
001055,valid,1,1,1,
001056,valid,1,1,1,
001057,valid,1,1,1,
001058,valid,1,1,1,
001059,valid,1,1,1,
001060,valid,1,1,1,
001061,valid,1,1,1,
001062,valid,1,1,1,
001063,valid,1,1,1,
001064,valid,1,1,1,
001065,valid,1,1,1,
001066,valid,1,1,1,
001067,valid,1,1,1,
001068,valid,1,1,1,
001069,fail,0,0,0,stable fail
001070,valid,1,1,1,
001071,valid,1,1,1,
001072,fail,0,0,0,stable fail
001073,valid,1,1,1,
001074,valid,1,1,1,
001075,valid,1,1,1,
001076,valid,1,1,1,
001077,valid,1,1,1,
001078,valid,1,1,1,
001079,valid,1,1,1,
001080,valid,1,1,1,
001081,valid,1,1,1,
001082,valid,1,1,1,
001083,valid,1,1,1,
001084,valid,1,1,1,
001085,valid,1,1,1,
001086,valid,1,1,1,
001087,valid,1,1,1,
001088,valid,1,1,1,
001089,valid,1,1,1,
001090,valid,1,1,1,
001091,valid,1,1,1,
001092,valid,1,1,1,
001093,valid,1,1,1,
001094,valid,1,1,1,
001095,valid,1,1,1,
001096,valid,1,1,1,
001097,fail,0,0,0,stable fail
001098,valid,1,1,1,
001099,valid,1,1,1,
001100,valid,1,1,1,
001101,valid,1,1,1,
001102,valid,1,1,1,
001103,valid,1,1,1,
001104,valid,1,1,1,
001105,valid,1,1,1,
001106,valid,1,1,1,
001107,valid,1,1,1,
001108,valid,1,1,1,
001109,valid,1,1,1,
001110,valid,1,1,1,
001111,valid,1,1,1,
001112,valid,1,1,1,
001113,valid,1,1,1,
001114,fail,0,0,0,stable fail
001115,valid,1,1,1,
001116,valid,1,1,1,
001117,valid,1,1,1,
001118,valid,1,1,1,
001119,fail,0,0,0,stable fail
001120,valid,1,1,1,
001121,valid,1,1,1,
001122,valid,1,1,1,
001123,valid,1,1,1,
001124,valid,1,1,1,
001125,valid,1,1,1,
001126,valid,1,1,1,
001127,valid,1,1,1,
001128,valid,1,1,1,
001129,fail,0,0,0,stable fail
001130,valid,1,1,1,
001131,valid,1,1,1,
001132,valid,1,1,1,
001133,valid,1,1,1,
001134,fail,0,0,0,stable fail
001135,valid,1,1,1,
001136,valid,1,1,1,
001137,valid,1,1,1,
001138,valid,1,1,1,
001139,fail,0,0,0,stable fail
001140,valid,1,1,1,
001141,valid,1,1,1,
001142,valid,1,1,1,
001143,valid,1,1,1,
001144,valid,1,1,1,
001145,fail,0,0,0,stable fail
001146,valid,1,1,1,
001147,valid,1,1,1,
001148,valid,1,1,1,
001149,valid,1,1,1,
001150,valid,1,1,1,
001151,valid,1,1,1,
001152,fail,0,0,0,stable fail
001153,valid,1,1,1,
001154,fail,0,0,0,stable fail
001155,valid,1,1,1,
001156,valid,1,1,1,
001157,valid,1,1,1,
001158,valid,1,1,1,
001159,valid,1,1,1,
001160,fail,0,0,0,stable fail
001161,valid,1,1,1,
001162,valid,1,1,1,
001163,fail,0,0,0,stable fail
001164,valid,1,1,1,
001165,fail,0,0,0,stable fail
001166,valid,1,1,1,
001167,valid,1,1,1,
001168,valid,1,1,1,
001169,valid,1,1,1,
001170,valid,1,1,1,
001171,valid,1,1,1,
001172,valid,1,1,1,
001173,valid,1,1,1,
001174,valid,1,1,1,
001175,valid,1,1,1,
001176,valid,1,1,1,
001177,valid,1,1,1,
001178,valid,1,1,1,
001179,valid,1,1,1,
001180,valid,1,1,1,
001181,valid,1,1,1,
001182,valid,1,1,1,
001183,valid,1,1,1,
001184,valid,1,1,1,
001185,valid,1,1,1,
001186,valid,1,1,1,
001187,valid,1,1,1,
001188,valid,1,1,1,
001189,valid,1,1,1,
001190,valid,1,1,1,
001191,valid,1,1,1,
001192,valid,1,1,1,
001193,valid,1,1,1,
001194,valid,1,1,1,
001195,valid,1,1,1,
001196,valid,1,1,1,
001197,valid,1,1,1,
001198,valid,1,1,1,
001199,valid,1,1,1,
001200,valid,1,1,1,
001201,valid,1,1,1,
001202,valid,1,1,1,
001203,valid,1,1,1,
001204,valid,1,1,1,
001205,valid,1,1,1,
001206,valid,1,1,1,
001207,valid,1,1,1,
001208,valid,1,1,1,
001209,valid,1,1,1,
001210,valid,1,1,1,
001211,valid,1,1,1,
001212,valid,1,1,1,
001213,valid,1,1,1,
001214,valid,1,1,1,
001215,valid,1,1,1,
001216,valid,1,1,1,
001217,valid,1,1,1,
001218,valid,1,1,1,
001219,valid,1,1,1,
001220,valid,1,1,1,
001221,valid,1,1,1,
001222,valid,1,1,1,
001223,valid,1,1,1,
001224,valid,1,1,1,
001225,valid,1,1,1,
001226,valid,1,1,1,
001227,valid,1,1,1,
001228,valid,1,1,1,
001229,fail,0,0,0,stable fail
001230,valid,1,1,1,
001231,valid,1,1,1,
001232,valid,1,1,1,
001233,valid,1,1,1,
001234,valid,1,1,1,
001235,valid,1,1,1,
001236,fail,0,0,0,stable fail
001237,valid,1,1,1,
001238,valid,1,1,1,
001239,valid,1,1,1,
001240,valid,1,1,1,
001241,valid,1,1,1,
001242,valid,1,1,1,
001243,valid,1,1,1,
001244,valid,1,1,1,
001245,valid,1,1,1,
001246,partial,0,0,0,transfer only; output missing
001247,valid,1,1,1,
001248,valid,1,1,1,
001249,valid,1,1,1,
001250,fail,0,0,0,stable fail
001251,valid,1,1,1,
001252,valid,1,1,1,
001253,valid,1,1,1,
001254,valid,1,1,1,
001255,fail,0,0,0,stable fail
001256,fail,0,0,0,stable fail
001257,valid,1,1,1,
001258,valid,1,1,1,
001259,valid,1,1,1,
001260,valid,1,1,1,
001261,valid,1,1,1,
001262,valid,1,1,1,
001263,valid,1,1,1,
001264,valid,1,1,1,
001265,valid,1,1,1,
001266,fail,0,0,0,stable fail
001267,valid,1,1,1,
001268,valid,1,1,1,
001269,fail,0,0,0,stable fail
001270,valid,1,1,1,
001271,valid,1,1,1,
001272,valid,1,1,1,
001273,valid,1,1,1,
001274,valid,1,1,1,
001275,valid,1,1,1,
001276,valid,1,1,1,
001277,fail,0,0,0,stable fail
001278,valid,1,1,1,
001279,valid,1,1,1,
001280,valid,1,1,1,
001281,valid,1,1,1,
001282,valid,1,1,1,
001283,valid,1,1,1,
001284,fail,0,0,0,stable fail
001285,valid,1,1,1,
001286,valid,1,1,1,
001287,valid,1,1,1,
001288,valid,1,1,1,
001289,valid,1,1,1,
001290,valid,1,1,1,
001291,valid,1,1,1,
001292,valid,1,1,1,
001293,valid,1,1,1,
001294,valid,1,1,1,
001295,valid,1,1,1,
001296,valid,1,1,1,
001297,valid,1,1,1,
001298,valid,1,1,1,
001299,valid,1,1,1,
001300,valid,1,1,1,
001301,fail,0,0,0,stable fail
001302,valid,1,1,1,
001303,valid,1,1,1,
001304,valid,1,1,1,
001305,valid,1,1,1,
001306,valid,1,1,1,
001307,valid,1,1,1,
001308,valid,1,1,1,
001309,fail,0,0,0,stable fail
001310,valid,1,1,1,
001311,fail,0,0,0,stable fail
001312,valid,1,1,1,
001313,valid,1,1,1,
001314,valid,1,1,1,
001315,valid,1,1,1,
001316,valid,1,1,1,
001317,valid,1,1,1,
001318,valid,1,1,1,
001319,valid,1,1,1,
001320,valid,1,1,1,
001321,fail,0,0,0,stable fail
001322,valid,1,1,1,
001323,valid,1,1,1,
001324,valid,1,1,1,
001325,valid,1,1,1,
001326,valid,1,1,1,
001327,valid,1,1,1,
001328,valid,1,1,1,
001329,valid,1,1,1,
001330,valid,1,1,1,
001331,valid,1,1,1,
001332,valid,1,1,1,
001333,valid,1,1,1,
001334,valid,1,1,1,
001335,valid,1,1,1,
001336,valid,1,1,1,
001337,valid,1,1,1,
001338,valid,1,1,1,
001339,valid,1,1,1,
001340,valid,1,1,1,
001341,valid,1,1,1,
001342,valid,1,1,1,
001343,fail,0,0,0,stable fail
001344,valid,1,1,1,
001345,valid,1,1,1,
001346,valid,1,1,1,
001347,valid,1,1,1,
001348,valid,1,1,1,
001349,valid,1,1,1,
001350,valid,1,1,1,
001351,valid,1,1,1,
001352,valid,1,1,1,
001353,valid,1,1,1,
001354,valid,1,1,1,
001355,valid,1,1,1,
001356,valid,1,1,1,
001357,valid,1,1,1,
001358,valid,1,1,1,
001359,valid,1,1,1,
001360,valid,1,1,1,
001361,valid,1,1,1,
001362,valid,1,1,1,
001363,valid,1,1,1,
001364,fail,0,0,0,stable fail
001365,valid,1,1,1,
001366,valid,1,1,1,
001367,fail,0,0,0,stable fail
001368,valid,1,1,1,
001369,valid,1,1,1,
001370,valid,1,1,1,
001371,valid,1,1,1,
001372,valid,1,1,1,
001373,valid,1,1,1,
001374,valid,1,1,1,
001375,valid,1,1,1,
001376,valid,1,1,1,
001377,valid,1,1,1,
001378,valid,1,1,1,
001379,valid,1,1,1,
001380,valid,1,1,1,
001381,fail,0,0,0,stable fail
001382,valid,1,1,1,
001383,valid,1,1,1,
001384,valid,1,1,1,
001385,valid,1,1,1,
001386,valid,1,1,1,
001387,valid,1,1,1,
001388,valid,1,1,1,
001389,fail,0,0,0,stable fail
001390,valid,1,1,1,
001391,valid,1,1,1,
001392,valid,1,1,1,
001393,valid,1,1,1,
001394,valid,1,1,1,
001395,valid,1,1,1,
001396,fail,0,0,0,stable fail
001397,valid,1,1,1,
001398,valid,1,1,1,
001399,valid,1,1,1,
001400,valid,1,1,1,
001401,valid,1,1,1,
001402,fail,0,0,0,stable fail
001403,valid,1,1,1,
001404,fail,0,0,0,stable fail
001405,valid,1,1,1,
001406,fail,0,0,0,stable fail
001407,valid,1,1,1,
001408,valid,1,1,1,
001409,valid,1,1,1,
001410,valid,1,1,1,
001411,valid,1,1,1,
001412,valid,1,1,1,
001413,valid,1,1,1,
001414,valid,1,1,1,
001415,valid,1,1,1,
001416,valid,1,1,1,
001417,valid,1,1,1,
001418,valid,1,1,1,
001419,valid,1,1,1,
001420,valid,1,1,1,
001421,valid,1,1,1,
001422,valid,1,1,1,
001423,valid,1,1,1,
001424,valid,1,1,1,
001425,valid,1,1,1,
001426,valid,1,1,1,
001427,valid,1,1,1,
001428,valid,1,1,1,
001429,valid,1,1,1,
001430,valid,1,1,1,
001431,fail,0,0,0,stable fail
001432,valid,1,1,1,
001433,valid,1,1,1,
001434,valid,1,1,1,
001435,valid,1,1,1,
001436,valid,1,1,1,
001437,valid,1,1,1,
001438,valid,1,1,1,
001439,valid,1,1,1,
001440,valid,1,1,1,
001441,valid,1,1,1,
001442,valid,1,1,1,
001443,valid,1,1,1,
001444,valid,1,1,1,
001445,valid,1,1,1,
001446,valid,1,1,1,
001447,valid,1,1,1,
001448,valid,1,1,1,
001449,fail,0,0,0,stable fail
001450,valid,1,1,1,
001451,valid,1,1,1,
001452,valid,1,1,1,
001453,valid,1,1,1,
001454,valid,1,1,1,
001455,valid,1,1,1,
001456,valid,1,1,1,
001457,valid,1,1,1,
001458,valid,1,1,1,
001459,valid,1,1,1,
001460,valid,1,1,1,
001461,fail,0,0,0,stable fail
001462,valid,1,1,1,
001463,valid,1,1,1,
001464,valid,1,1,1,
001465,valid,1,1,1,
001466,valid,1,1,1,
001467,valid,1,1,1,
001468,valid,1,1,1,
001469,fail,0,0,0,stable fail
001470,valid,1,1,1,
001471,valid,1,1,1,
001472,valid,1,1,1,
001473,valid,1,1,1,
001474,valid,1,1,1,
001475,valid,1,1,1,
001476,valid,1,1,1,
001477,valid,1,1,1,
001478,valid,1,1,1,
001479,valid,1,1,1,
001480,valid,1,1,1,
001481,valid,1,1,1,
001482,valid,1,1,1,
001483,valid,1,1,1,
001484,valid,1,1,1,
001485,valid,1,1,1,
001486,valid,1,1,1,
001487,valid,1,1,1,
001488,valid,1,1,1,
001489,valid,1,1,1,
001490,valid,1,1,1,
001491,valid,1,1,1,
001492,valid,1,1,1,
001493,valid,1,1,1,
001494,valid,1,1,1,
001495,valid,1,1,1,
001496,valid,1,1,1,
001497,valid,1,1,1,
001498,valid,1,1,1,
001499,valid,1,1,1,
001500,valid,1,1,1,
001501,valid,1,1,1,
001502,valid,1,1,1,
001503,valid,1,1,1,
001504,fail,0,0,0,stable fail
001505,valid,1,1,1,
001506,valid,1,1,1,
001507,valid,1,1,1,
001508,valid,1,1,1,
001509,valid,1,1,1,
001510,valid,1,1,1,
001511,valid,1,1,1,
001512,valid,1,1,1,
001513,valid,1,1,1,
001514,valid,1,1,1,
001515,valid,1,1,1,
001516,valid,1,1,1,
001517,valid,1,1,1,
001518,valid,1,1,1,
001519,valid,1,1,1,
001520,valid,1,1,1,
001521,valid,1,1,1,
001522,valid,1,1,1,
001523,valid,1,1,1,
001524,valid,1,1,1,
001525,valid,1,1,1,
001526,valid,1,1,1,
001527,valid,1,1,1,
001528,valid,1,1,1,
001529,valid,1,1,1,
001530,valid,1,1,1,
001531,valid,1,1,1,
001532,valid,1,1,1,
001533,valid,1,1,1,
001534,fail,0,0,0,stable fail
001535,valid,1,1,1,recovered on rerun
001536,valid,1,1,1,
001537,valid,1,1,1,
001538,valid,1,1,1,
001539,valid,1,1,1,
001540,fail,0,0,0,stable fail
001541,valid,1,1,1,
001542,valid,1,1,1,
001543,valid,1,1,1,
001544,valid,1,1,1,
001545,valid,1,1,1,
001546,fail,0,0,0,stable fail
001547,valid,1,1,1,
001548,valid,1,1,1,
001549,valid,1,1,1,
001550,valid,1,1,1,
001551,valid,1,1,1,
001552,valid,1,1,1,
001553,valid,1,1,1,
001554,valid,1,1,1,
001555,valid,1,1,1,
001556,valid,1,1,1,
001557,valid,1,1,1,
001558,valid,1,1,1,
001559,valid,1,1,1,
001560,valid,1,1,1,
001561,valid,1,1,1,
001562,valid,1,1,1,
001563,valid,1,1,1,
001564,valid,1,1,1,
001565,valid,1,1,1,
001566,valid,1,1,1,
001567,valid,1,1,1,
001568,valid,1,1,1,
001569,valid,1,1,1,
001570,valid,1,1,1,
001571,valid,1,1,1,
001572,valid,1,1,1,
001573,valid,1,1,1,
001574,valid,1,1,1,
001575,valid,1,1,1,
001576,valid,1,1,1,
001577,valid,1,1,1,
001578,valid,1,1,1,
001579,valid,1,1,1,
001580,valid,1,1,1,
001581,valid,1,1,1,
001582,valid,1,1,1,
001583,valid,1,1,1,
001584,valid,1,1,1,
001585,valid,1,1,1,
001586,valid,1,1,1,
001587,valid,1,1,1,
001588,valid,1,1,1,
001589,valid,1,1,1,
001590,valid,1,1,1,
001591,valid,1,1,1,
001592,valid,1,1,1,
001593,valid,1,1,1,
001594,valid,1,1,1,
001595,valid,1,1,1,
001596,valid,1,1,1,
001597,valid,1,1,1,
001598,valid,1,1,1,
001599,valid,1,1,1,
